{
  "Servers": {
    "Sissy2": {
      "U2lzc3k=MDEyMDI2=NzEwMzcyMDM2MTc1": {},
      "Hosts": {
        "Internal_Primary": "",
        "Internal_Secondary": "",
        "External_Primary": "",
        "External_Secondary": ""
      },
      "SSH": {},
      "WEB": {}
    },
    "yee2": {
      "eWVl=MDEyMDI2=OTQ3NDgzMzg2ODMxMz": {},
      "Hosts": {
        "Internal_Primary": "",
        "Internal_Secondary": "",
        "External_Primary": "",
        "External_Secondary": ""
      },
      "SSH": {},
      "WEB": {}
    },
    "yee5": {
      "eWVl=MDEyMDI2=OTQ35DgzMzg2ODMxMz": {},
      "Hosts": {
        "Internal_Primary": "",
        "Internal_Secondary": "",
        "External_Primary": "",
        "External_Secondary": ""
      },
      "SSH": {},
      "WEB": {}
    },
    "Sissy4": {
      "U2lzc3k=MDEyMDI2=NzEwMzcyMDM2MTc1": {},
      "Hosts": {
        "Internal_Primary": "",
        "Internal_Secondary": "",
        "External_Primary": "",
        "External_Secondary": ""
      },
      "SSH": {},
      "WEB": {}
    }
  }
}